{
  "ABIRoot": {
    "kind": "Root",
    "name": "TopLevel",
    "printedName": "TopLevel",
    "children": [
      {
        "kind": "Import",
        "name": "Foundation",
        "printedName": "Foundation",
        "declKind": "Import",
        "moduleName": "AdgeistCreatives",
        "declAttributes": [
          "RawDocComment"
        ]
      },
      {
        "kind": "TypeDecl",
        "name": "CreativeDataModel",
        "printedName": "CreativeDataModel",
        "children": [
          {
            "kind": "Var",
            "name": "success",
            "printedName": "success",
            "children": [
              {
                "kind": "TypeNominal",
                "name": "Bool",
                "printedName": "Swift.Bool",
                "usr": "s:Sb"
              }
            ],
            "declKind": "Var",
            "usr": "s:16AdgeistCreatives17CreativeDataModelV7successSbvp",
            "mangledName": "$s16AdgeistCreatives17CreativeDataModelV7successSbvp",
            "moduleName": "AdgeistCreatives",
            "declAttributes": [
              "HasStorage",
              "AccessControl"
            ],
            "isLet": true,
            "hasStorage": true,
            "accessors": [
              {
                "kind": "Accessor",
                "name": "Get",
                "printedName": "Get()",
                "children": [
                  {
                    "kind": "TypeNominal",
                    "name": "Bool",
                    "printedName": "Swift.Bool",
                    "usr": "s:Sb"
                  }
                ],
                "declKind": "Accessor",
                "usr": "s:16AdgeistCreatives17CreativeDataModelV7successSbvg",
                "mangledName": "$s16AdgeistCreatives17CreativeDataModelV7successSbvg",
                "moduleName": "AdgeistCreatives",
                "implicit": true,
                "accessorKind": "get"
              }
            ]
          },
          {
            "kind": "Var",
            "name": "message",
            "printedName": "message",
            "children": [
              {
                "kind": "TypeNominal",
                "name": "String",
                "printedName": "Swift.String",
                "usr": "s:SS"
              }
            ],
            "declKind": "Var",
            "usr": "s:16AdgeistCreatives17CreativeDataModelV7messageSSvp",
            "mangledName": "$s16AdgeistCreatives17CreativeDataModelV7messageSSvp",
            "moduleName": "AdgeistCreatives",
            "declAttributes": [
              "HasStorage",
              "AccessControl"
            ],
            "isLet": true,
            "hasStorage": true,
            "accessors": [
              {
                "kind": "Accessor",
                "name": "Get",
                "printedName": "Get()",
                "children": [
                  {
                    "kind": "TypeNominal",
                    "name": "String",
                    "printedName": "Swift.String",
                    "usr": "s:SS"
                  }
                ],
                "declKind": "Accessor",
                "usr": "s:16AdgeistCreatives17CreativeDataModelV7messageSSvg",
                "mangledName": "$s16AdgeistCreatives17CreativeDataModelV7messageSSvg",
                "moduleName": "AdgeistCreatives",
                "implicit": true,
                "accessorKind": "get"
              }
            ]
          },
          {
            "kind": "Var",
            "name": "data",
            "printedName": "data",
            "children": [
              {
                "kind": "TypeNominal",
                "name": "Optional",
                "printedName": "AdgeistCreatives.Campaign?",
                "children": [
                  {
                    "kind": "TypeNominal",
                    "name": "Campaign",
                    "printedName": "AdgeistCreatives.Campaign",
                    "usr": "s:16AdgeistCreatives8CampaignV"
                  }
                ],
                "usr": "s:Sq"
              }
            ],
            "declKind": "Var",
            "usr": "s:16AdgeistCreatives17CreativeDataModelV4dataAA8CampaignVSgvp",
            "mangledName": "$s16AdgeistCreatives17CreativeDataModelV4dataAA8CampaignVSgvp",
            "moduleName": "AdgeistCreatives",
            "declAttributes": [
              "HasStorage",
              "AccessControl"
            ],
            "isLet": true,
            "hasStorage": true,
            "accessors": [
              {
                "kind": "Accessor",
                "name": "Get",
                "printedName": "Get()",
                "children": [
                  {
                    "kind": "TypeNominal",
                    "name": "Optional",
                    "printedName": "AdgeistCreatives.Campaign?",
                    "children": [
                      {
                        "kind": "TypeNominal",
                        "name": "Campaign",
                        "printedName": "AdgeistCreatives.Campaign",
                        "usr": "s:16AdgeistCreatives8CampaignV"
                      }
                    ],
                    "usr": "s:Sq"
                  }
                ],
                "declKind": "Accessor",
                "usr": "s:16AdgeistCreatives17CreativeDataModelV4dataAA8CampaignVSgvg",
                "mangledName": "$s16AdgeistCreatives17CreativeDataModelV4dataAA8CampaignVSgvg",
                "moduleName": "AdgeistCreatives",
                "implicit": true,
                "accessorKind": "get"
              }
            ]
          },
          {
            "kind": "Constructor",
            "name": "init",
            "printedName": "init(success:message:data:)",
            "children": [
              {
                "kind": "TypeNominal",
                "name": "CreativeDataModel",
                "printedName": "AdgeistCreatives.CreativeDataModel",
                "usr": "s:16AdgeistCreatives17CreativeDataModelV"
              },
              {
                "kind": "TypeNominal",
                "name": "Bool",
                "printedName": "Swift.Bool",
                "usr": "s:Sb"
              },
              {
                "kind": "TypeNominal",
                "name": "String",
                "printedName": "Swift.String",
                "usr": "s:SS"
              },
              {
                "kind": "TypeNominal",
                "name": "Optional",
                "printedName": "AdgeistCreatives.Campaign?",
                "children": [
                  {
                    "kind": "TypeNominal",
                    "name": "Campaign",
                    "printedName": "AdgeistCreatives.Campaign",
                    "usr": "s:16AdgeistCreatives8CampaignV"
                  }
                ],
                "usr": "s:Sq"
              }
            ],
            "declKind": "Constructor",
            "usr": "s:16AdgeistCreatives17CreativeDataModelV7success7message4dataACSb_SSAA8CampaignVSgtcfc",
            "mangledName": "$s16AdgeistCreatives17CreativeDataModelV7success7message4dataACSb_SSAA8CampaignVSgtcfc",
            "moduleName": "AdgeistCreatives",
            "declAttributes": [
              "AccessControl"
            ],
            "init_kind": "Designated"
          },
          {
            "kind": "Constructor",
            "name": "init",
            "printedName": "init(from:)",
            "children": [
              {
                "kind": "TypeNominal",
                "name": "CreativeDataModel",
                "printedName": "AdgeistCreatives.CreativeDataModel",
                "usr": "s:16AdgeistCreatives17CreativeDataModelV"
              },
              {
                "kind": "TypeNominal",
                "name": "Decoder",
                "printedName": "any Swift.Decoder",
                "usr": "s:s7DecoderP"
              }
            ],
            "declKind": "Constructor",
            "usr": "s:16AdgeistCreatives17CreativeDataModelV4fromACs7Decoder_p_tKcfc",
            "mangledName": "$s16AdgeistCreatives17CreativeDataModelV4fromACs7Decoder_p_tKcfc",
            "moduleName": "AdgeistCreatives",
            "implicit": true,
            "throwing": true,
            "init_kind": "Designated"
          },
          {
            "kind": "Function",
            "name": "encode",
            "printedName": "encode(to:)",
            "children": [
              {
                "kind": "TypeNominal",
                "name": "Void",
                "printedName": "()"
              },
              {
                "kind": "TypeNominal",
                "name": "Encoder",
                "printedName": "any Swift.Encoder",
                "usr": "s:s7EncoderP"
              }
            ],
            "declKind": "Func",
            "usr": "s:16AdgeistCreatives17CreativeDataModelV6encode2toys7Encoder_p_tKF",
            "mangledName": "$s16AdgeistCreatives17CreativeDataModelV6encode2toys7Encoder_p_tKF",
            "moduleName": "AdgeistCreatives",
            "implicit": true,
            "throwing": true,
            "funcSelfKind": "NonMutating"
          }
        ],
        "declKind": "Struct",
        "usr": "s:16AdgeistCreatives17CreativeDataModelV",
        "mangledName": "$s16AdgeistCreatives17CreativeDataModelV",
        "moduleName": "AdgeistCreatives",
        "declAttributes": [
          "AccessControl"
        ],
        "conformances": [
          {
            "kind": "Conformance",
            "name": "Decodable",
            "printedName": "Decodable",
            "usr": "s:Se",
            "mangledName": "$sSe"
          },
          {
            "kind": "Conformance",
            "name": "Encodable",
            "printedName": "Encodable",
            "usr": "s:SE",
            "mangledName": "$sSE"
          }
        ]
      },
      {
        "kind": "TypeDecl",
        "name": "Campaign",
        "printedName": "Campaign",
        "children": [
          {
            "kind": "Var",
            "name": "id",
            "printedName": "id",
            "children": [
              {
                "kind": "TypeNominal",
                "name": "Optional",
                "printedName": "Swift.String?",
                "children": [
                  {
                    "kind": "TypeNominal",
                    "name": "String",
                    "printedName": "Swift.String",
                    "usr": "s:SS"
                  }
                ],
                "usr": "s:Sq"
              }
            ],
            "declKind": "Var",
            "usr": "s:16AdgeistCreatives8CampaignV2idSSSgvp",
            "mangledName": "$s16AdgeistCreatives8CampaignV2idSSSgvp",
            "moduleName": "AdgeistCreatives",
            "declAttributes": [
              "HasStorage",
              "AccessControl"
            ],
            "isLet": true,
            "hasStorage": true,
            "accessors": [
              {
                "kind": "Accessor",
                "name": "Get",
                "printedName": "Get()",
                "children": [
                  {
                    "kind": "TypeNominal",
                    "name": "Optional",
                    "printedName": "Swift.String?",
                    "children": [
                      {
                        "kind": "TypeNominal",
                        "name": "String",
                        "printedName": "Swift.String",
                        "usr": "s:SS"
                      }
                    ],
                    "usr": "s:Sq"
                  }
                ],
                "declKind": "Accessor",
                "usr": "s:16AdgeistCreatives8CampaignV2idSSSgvg",
                "mangledName": "$s16AdgeistCreatives8CampaignV2idSSSgvg",
                "moduleName": "AdgeistCreatives",
                "implicit": true,
                "accessorKind": "get"
              }
            ]
          },
          {
            "kind": "Var",
            "name": "name",
            "printedName": "name",
            "children": [
              {
                "kind": "TypeNominal",
                "name": "Optional",
                "printedName": "Swift.String?",
                "children": [
                  {
                    "kind": "TypeNominal",
                    "name": "String",
                    "printedName": "Swift.String",
                    "usr": "s:SS"
                  }
                ],
                "usr": "s:Sq"
              }
            ],
            "declKind": "Var",
            "usr": "s:16AdgeistCreatives8CampaignV4nameSSSgvp",
            "mangledName": "$s16AdgeistCreatives8CampaignV4nameSSSgvp",
            "moduleName": "AdgeistCreatives",
            "declAttributes": [
              "HasStorage",
              "AccessControl"
            ],
            "isLet": true,
            "hasStorage": true,
            "accessors": [
              {
                "kind": "Accessor",
                "name": "Get",
                "printedName": "Get()",
                "children": [
                  {
                    "kind": "TypeNominal",
                    "name": "Optional",
                    "printedName": "Swift.String?",
                    "children": [
                      {
                        "kind": "TypeNominal",
                        "name": "String",
                        "printedName": "Swift.String",
                        "usr": "s:SS"
                      }
                    ],
                    "usr": "s:Sq"
                  }
                ],
                "declKind": "Accessor",
                "usr": "s:16AdgeistCreatives8CampaignV4nameSSSgvg",
                "mangledName": "$s16AdgeistCreatives8CampaignV4nameSSSgvg",
                "moduleName": "AdgeistCreatives",
                "implicit": true,
                "accessorKind": "get"
              }
            ]
          },
          {
            "kind": "Var",
            "name": "creative",
            "printedName": "creative",
            "children": [
              {
                "kind": "TypeNominal",
                "name": "Optional",
                "printedName": "AdgeistCreatives.Creative?",
                "children": [
                  {
                    "kind": "TypeNominal",
                    "name": "Creative",
                    "printedName": "AdgeistCreatives.Creative",
                    "usr": "s:16AdgeistCreatives8CreativeV"
                  }
                ],
                "usr": "s:Sq"
              }
            ],
            "declKind": "Var",
            "usr": "s:16AdgeistCreatives8CampaignV8creativeAA8CreativeVSgvp",
            "mangledName": "$s16AdgeistCreatives8CampaignV8creativeAA8CreativeVSgvp",
            "moduleName": "AdgeistCreatives",
            "declAttributes": [
              "HasStorage",
              "AccessControl"
            ],
            "isLet": true,
            "hasStorage": true,
            "accessors": [
              {
                "kind": "Accessor",
                "name": "Get",
                "printedName": "Get()",
                "children": [
                  {
                    "kind": "TypeNominal",
                    "name": "Optional",
                    "printedName": "AdgeistCreatives.Creative?",
                    "children": [
                      {
                        "kind": "TypeNominal",
                        "name": "Creative",
                        "printedName": "AdgeistCreatives.Creative",
                        "usr": "s:16AdgeistCreatives8CreativeV"
                      }
                    ],
                    "usr": "s:Sq"
                  }
                ],
                "declKind": "Accessor",
                "usr": "s:16AdgeistCreatives8CampaignV8creativeAA8CreativeVSgvg",
                "mangledName": "$s16AdgeistCreatives8CampaignV8creativeAA8CreativeVSgvg",
                "moduleName": "AdgeistCreatives",
                "implicit": true,
                "accessorKind": "get"
              }
            ]
          },
          {
            "kind": "Var",
            "name": "budgetSettings",
            "printedName": "budgetSettings",
            "children": [
              {
                "kind": "TypeNominal",
                "name": "Optional",
                "printedName": "AdgeistCreatives.BudgetSettings?",
                "children": [
                  {
                    "kind": "TypeNominal",
                    "name": "BudgetSettings",
                    "printedName": "AdgeistCreatives.BudgetSettings",
                    "usr": "s:16AdgeistCreatives14BudgetSettingsV"
                  }
                ],
                "usr": "s:Sq"
              }
            ],
            "declKind": "Var",
            "usr": "s:16AdgeistCreatives8CampaignV14budgetSettingsAA06BudgetE0VSgvp",
            "mangledName": "$s16AdgeistCreatives8CampaignV14budgetSettingsAA06BudgetE0VSgvp",
            "moduleName": "AdgeistCreatives",
            "declAttributes": [
              "HasStorage",
              "AccessControl"
            ],
            "isLet": true,
            "hasStorage": true,
            "accessors": [
              {
                "kind": "Accessor",
                "name": "Get",
                "printedName": "Get()",
                "children": [
                  {
                    "kind": "TypeNominal",
                    "name": "Optional",
                    "printedName": "AdgeistCreatives.BudgetSettings?",
                    "children": [
                      {
                        "kind": "TypeNominal",
                        "name": "BudgetSettings",
                        "printedName": "AdgeistCreatives.BudgetSettings",
                        "usr": "s:16AdgeistCreatives14BudgetSettingsV"
                      }
                    ],
                    "usr": "s:Sq"
                  }
                ],
                "declKind": "Accessor",
                "usr": "s:16AdgeistCreatives8CampaignV14budgetSettingsAA06BudgetE0VSgvg",
                "mangledName": "$s16AdgeistCreatives8CampaignV14budgetSettingsAA06BudgetE0VSgvg",
                "moduleName": "AdgeistCreatives",
                "implicit": true,
                "accessorKind": "get"
              }
            ]
          },
          {
            "kind": "Constructor",
            "name": "init",
            "printedName": "init(id:name:creative:budgetSettings:)",
            "children": [
              {
                "kind": "TypeNominal",
                "name": "Campaign",
                "printedName": "AdgeistCreatives.Campaign",
                "usr": "s:16AdgeistCreatives8CampaignV"
              },
              {
                "kind": "TypeNominal",
                "name": "Optional",
                "printedName": "Swift.String?",
                "children": [
                  {
                    "kind": "TypeNominal",
                    "name": "String",
                    "printedName": "Swift.String",
                    "usr": "s:SS"
                  }
                ],
                "usr": "s:Sq"
              },
              {
                "kind": "TypeNominal",
                "name": "Optional",
                "printedName": "Swift.String?",
                "children": [
                  {
                    "kind": "TypeNominal",
                    "name": "String",
                    "printedName": "Swift.String",
                    "usr": "s:SS"
                  }
                ],
                "usr": "s:Sq"
              },
              {
                "kind": "TypeNominal",
                "name": "Optional",
                "printedName": "AdgeistCreatives.Creative?",
                "children": [
                  {
                    "kind": "TypeNominal",
                    "name": "Creative",
                    "printedName": "AdgeistCreatives.Creative",
                    "usr": "s:16AdgeistCreatives8CreativeV"
                  }
                ],
                "usr": "s:Sq"
              },
              {
                "kind": "TypeNominal",
                "name": "Optional",
                "printedName": "AdgeistCreatives.BudgetSettings?",
                "children": [
                  {
                    "kind": "TypeNominal",
                    "name": "BudgetSettings",
                    "printedName": "AdgeistCreatives.BudgetSettings",
                    "usr": "s:16AdgeistCreatives14BudgetSettingsV"
                  }
                ],
                "usr": "s:Sq"
              }
            ],
            "declKind": "Constructor",
            "usr": "s:16AdgeistCreatives8CampaignV2id4name8creative14budgetSettingsACSSSg_AhA8CreativeVSgAA06BudgetH0VSgtcfc",
            "mangledName": "$s16AdgeistCreatives8CampaignV2id4name8creative14budgetSettingsACSSSg_AhA8CreativeVSgAA06BudgetH0VSgtcfc",
            "moduleName": "AdgeistCreatives",
            "declAttributes": [
              "AccessControl"
            ],
            "init_kind": "Designated"
          },
          {
            "kind": "Constructor",
            "name": "init",
            "printedName": "init(from:)",
            "children": [
              {
                "kind": "TypeNominal",
                "name": "Campaign",
                "printedName": "AdgeistCreatives.Campaign",
                "usr": "s:16AdgeistCreatives8CampaignV"
              },
              {
                "kind": "TypeNominal",
                "name": "Decoder",
                "printedName": "any Swift.Decoder",
                "usr": "s:s7DecoderP"
              }
            ],
            "declKind": "Constructor",
            "usr": "s:16AdgeistCreatives8CampaignV4fromACs7Decoder_p_tKcfc",
            "mangledName": "$s16AdgeistCreatives8CampaignV4fromACs7Decoder_p_tKcfc",
            "moduleName": "AdgeistCreatives",
            "implicit": true,
            "throwing": true,
            "init_kind": "Designated"
          },
          {
            "kind": "Function",
            "name": "encode",
            "printedName": "encode(to:)",
            "children": [
              {
                "kind": "TypeNominal",
                "name": "Void",
                "printedName": "()"
              },
              {
                "kind": "TypeNominal",
                "name": "Encoder",
                "printedName": "any Swift.Encoder",
                "usr": "s:s7EncoderP"
              }
            ],
            "declKind": "Func",
            "usr": "s:16AdgeistCreatives8CampaignV6encode2toys7Encoder_p_tKF",
            "mangledName": "$s16AdgeistCreatives8CampaignV6encode2toys7Encoder_p_tKF",
            "moduleName": "AdgeistCreatives",
            "implicit": true,
            "throwing": true,
            "funcSelfKind": "NonMutating"
          }
        ],
        "declKind": "Struct",
        "usr": "s:16AdgeistCreatives8CampaignV",
        "mangledName": "$s16AdgeistCreatives8CampaignV",
        "moduleName": "AdgeistCreatives",
        "declAttributes": [
          "AccessControl"
        ],
        "conformances": [
          {
            "kind": "Conformance",
            "name": "Decodable",
            "printedName": "Decodable",
            "usr": "s:Se",
            "mangledName": "$sSe"
          },
          {
            "kind": "Conformance",
            "name": "Encodable",
            "printedName": "Encodable",
            "usr": "s:SE",
            "mangledName": "$sSE"
          }
        ]
      },
      {
        "kind": "TypeDecl",
        "name": "Creative",
        "printedName": "Creative",
        "children": [
          {
            "kind": "Var",
            "name": "title",
            "printedName": "title",
            "children": [
              {
                "kind": "TypeNominal",
                "name": "Optional",
                "printedName": "Swift.String?",
                "children": [
                  {
                    "kind": "TypeNominal",
                    "name": "String",
                    "printedName": "Swift.String",
                    "usr": "s:SS"
                  }
                ],
                "usr": "s:Sq"
              }
            ],
            "declKind": "Var",
            "usr": "s:16AdgeistCreatives8CreativeV5titleSSSgvp",
            "mangledName": "$s16AdgeistCreatives8CreativeV5titleSSSgvp",
            "moduleName": "AdgeistCreatives",
            "declAttributes": [
              "HasStorage",
              "AccessControl"
            ],
            "isLet": true,
            "hasStorage": true,
            "accessors": [
              {
                "kind": "Accessor",
                "name": "Get",
                "printedName": "Get()",
                "children": [
                  {
                    "kind": "TypeNominal",
                    "name": "Optional",
                    "printedName": "Swift.String?",
                    "children": [
                      {
                        "kind": "TypeNominal",
                        "name": "String",
                        "printedName": "Swift.String",
                        "usr": "s:SS"
                      }
                    ],
                    "usr": "s:Sq"
                  }
                ],
                "declKind": "Accessor",
                "usr": "s:16AdgeistCreatives8CreativeV5titleSSSgvg",
                "mangledName": "$s16AdgeistCreatives8CreativeV5titleSSSgvg",
                "moduleName": "AdgeistCreatives",
                "implicit": true,
                "accessorKind": "get"
              }
            ]
          },
          {
            "kind": "Var",
            "name": "description",
            "printedName": "description",
            "children": [
              {
                "kind": "TypeNominal",
                "name": "Optional",
                "printedName": "Swift.String?",
                "children": [
                  {
                    "kind": "TypeNominal",
                    "name": "String",
                    "printedName": "Swift.String",
                    "usr": "s:SS"
                  }
                ],
                "usr": "s:Sq"
              }
            ],
            "declKind": "Var",
            "usr": "s:16AdgeistCreatives8CreativeV11descriptionSSSgvp",
            "mangledName": "$s16AdgeistCreatives8CreativeV11descriptionSSSgvp",
            "moduleName": "AdgeistCreatives",
            "declAttributes": [
              "HasStorage",
              "AccessControl"
            ],
            "isLet": true,
            "hasStorage": true,
            "accessors": [
              {
                "kind": "Accessor",
                "name": "Get",
                "printedName": "Get()",
                "children": [
                  {
                    "kind": "TypeNominal",
                    "name": "Optional",
                    "printedName": "Swift.String?",
                    "children": [
                      {
                        "kind": "TypeNominal",
                        "name": "String",
                        "printedName": "Swift.String",
                        "usr": "s:SS"
                      }
                    ],
                    "usr": "s:Sq"
                  }
                ],
                "declKind": "Accessor",
                "usr": "s:16AdgeistCreatives8CreativeV11descriptionSSSgvg",
                "mangledName": "$s16AdgeistCreatives8CreativeV11descriptionSSSgvg",
                "moduleName": "AdgeistCreatives",
                "implicit": true,
                "accessorKind": "get"
              }
            ]
          },
          {
            "kind": "Var",
            "name": "fileUrl",
            "printedName": "fileUrl",
            "children": [
              {
                "kind": "TypeNominal",
                "name": "Optional",
                "printedName": "Swift.String?",
                "children": [
                  {
                    "kind": "TypeNominal",
                    "name": "String",
                    "printedName": "Swift.String",
                    "usr": "s:SS"
                  }
                ],
                "usr": "s:Sq"
              }
            ],
            "declKind": "Var",
            "usr": "s:16AdgeistCreatives8CreativeV7fileUrlSSSgvp",
            "mangledName": "$s16AdgeistCreatives8CreativeV7fileUrlSSSgvp",
            "moduleName": "AdgeistCreatives",
            "declAttributes": [
              "HasStorage",
              "AccessControl"
            ],
            "isLet": true,
            "hasStorage": true,
            "accessors": [
              {
                "kind": "Accessor",
                "name": "Get",
                "printedName": "Get()",
                "children": [
                  {
                    "kind": "TypeNominal",
                    "name": "Optional",
                    "printedName": "Swift.String?",
                    "children": [
                      {
                        "kind": "TypeNominal",
                        "name": "String",
                        "printedName": "Swift.String",
                        "usr": "s:SS"
                      }
                    ],
                    "usr": "s:Sq"
                  }
                ],
                "declKind": "Accessor",
                "usr": "s:16AdgeistCreatives8CreativeV7fileUrlSSSgvg",
                "mangledName": "$s16AdgeistCreatives8CreativeV7fileUrlSSSgvg",
                "moduleName": "AdgeistCreatives",
                "implicit": true,
                "accessorKind": "get"
              }
            ]
          },
          {
            "kind": "Var",
            "name": "ctaUrl",
            "printedName": "ctaUrl",
            "children": [
              {
                "kind": "TypeNominal",
                "name": "Optional",
                "printedName": "Swift.String?",
                "children": [
                  {
                    "kind": "TypeNominal",
                    "name": "String",
                    "printedName": "Swift.String",
                    "usr": "s:SS"
                  }
                ],
                "usr": "s:Sq"
              }
            ],
            "declKind": "Var",
            "usr": "s:16AdgeistCreatives8CreativeV6ctaUrlSSSgvp",
            "mangledName": "$s16AdgeistCreatives8CreativeV6ctaUrlSSSgvp",
            "moduleName": "AdgeistCreatives",
            "declAttributes": [
              "HasStorage",
              "AccessControl"
            ],
            "isLet": true,
            "hasStorage": true,
            "accessors": [
              {
                "kind": "Accessor",
                "name": "Get",
                "printedName": "Get()",
                "children": [
                  {
                    "kind": "TypeNominal",
                    "name": "Optional",
                    "printedName": "Swift.String?",
                    "children": [
                      {
                        "kind": "TypeNominal",
                        "name": "String",
                        "printedName": "Swift.String",
                        "usr": "s:SS"
                      }
                    ],
                    "usr": "s:Sq"
                  }
                ],
                "declKind": "Accessor",
                "usr": "s:16AdgeistCreatives8CreativeV6ctaUrlSSSgvg",
                "mangledName": "$s16AdgeistCreatives8CreativeV6ctaUrlSSSgvg",
                "moduleName": "AdgeistCreatives",
                "implicit": true,
                "accessorKind": "get"
              }
            ]
          },
          {
            "kind": "Var",
            "name": "type",
            "printedName": "type",
            "children": [
              {
                "kind": "TypeNominal",
                "name": "Optional",
                "printedName": "Swift.String?",
                "children": [
                  {
                    "kind": "TypeNominal",
                    "name": "String",
                    "printedName": "Swift.String",
                    "usr": "s:SS"
                  }
                ],
                "usr": "s:Sq"
              }
            ],
            "declKind": "Var",
            "usr": "s:16AdgeistCreatives8CreativeV4typeSSSgvp",
            "mangledName": "$s16AdgeistCreatives8CreativeV4typeSSSgvp",
            "moduleName": "AdgeistCreatives",
            "declAttributes": [
              "HasStorage",
              "AccessControl"
            ],
            "isLet": true,
            "hasStorage": true,
            "accessors": [
              {
                "kind": "Accessor",
                "name": "Get",
                "printedName": "Get()",
                "children": [
                  {
                    "kind": "TypeNominal",
                    "name": "Optional",
                    "printedName": "Swift.String?",
                    "children": [
                      {
                        "kind": "TypeNominal",
                        "name": "String",
                        "printedName": "Swift.String",
                        "usr": "s:SS"
                      }
                    ],
                    "usr": "s:Sq"
                  }
                ],
                "declKind": "Accessor",
                "usr": "s:16AdgeistCreatives8CreativeV4typeSSSgvg",
                "mangledName": "$s16AdgeistCreatives8CreativeV4typeSSSgvg",
                "moduleName": "AdgeistCreatives",
                "implicit": true,
                "accessorKind": "get"
              }
            ]
          },
          {
            "kind": "Var",
            "name": "fileName",
            "printedName": "fileName",
            "children": [
              {
                "kind": "TypeNominal",
                "name": "Optional",
                "printedName": "Swift.String?",
                "children": [
                  {
                    "kind": "TypeNominal",
                    "name": "String",
                    "printedName": "Swift.String",
                    "usr": "s:SS"
                  }
                ],
                "usr": "s:Sq"
              }
            ],
            "declKind": "Var",
            "usr": "s:16AdgeistCreatives8CreativeV8fileNameSSSgvp",
            "mangledName": "$s16AdgeistCreatives8CreativeV8fileNameSSSgvp",
            "moduleName": "AdgeistCreatives",
            "declAttributes": [
              "HasStorage",
              "AccessControl"
            ],
            "isLet": true,
            "hasStorage": true,
            "accessors": [
              {
                "kind": "Accessor",
                "name": "Get",
                "printedName": "Get()",
                "children": [
                  {
                    "kind": "TypeNominal",
                    "name": "Optional",
                    "printedName": "Swift.String?",
                    "children": [
                      {
                        "kind": "TypeNominal",
                        "name": "String",
                        "printedName": "Swift.String",
                        "usr": "s:SS"
                      }
                    ],
                    "usr": "s:Sq"
                  }
                ],
                "declKind": "Accessor",
                "usr": "s:16AdgeistCreatives8CreativeV8fileNameSSSgvg",
                "mangledName": "$s16AdgeistCreatives8CreativeV8fileNameSSSgvg",
                "moduleName": "AdgeistCreatives",
                "implicit": true,
                "accessorKind": "get"
              }
            ]
          },
          {
            "kind": "Var",
            "name": "createdAt",
            "printedName": "createdAt",
            "children": [
              {
                "kind": "TypeNominal",
                "name": "Optional",
                "printedName": "Swift.String?",
                "children": [
                  {
                    "kind": "TypeNominal",
                    "name": "String",
                    "printedName": "Swift.String",
                    "usr": "s:SS"
                  }
                ],
                "usr": "s:Sq"
              }
            ],
            "declKind": "Var",
            "usr": "s:16AdgeistCreatives8CreativeV9createdAtSSSgvp",
            "mangledName": "$s16AdgeistCreatives8CreativeV9createdAtSSSgvp",
            "moduleName": "AdgeistCreatives",
            "declAttributes": [
              "HasStorage",
              "AccessControl"
            ],
            "isLet": true,
            "hasStorage": true,
            "accessors": [
              {
                "kind": "Accessor",
                "name": "Get",
                "printedName": "Get()",
                "children": [
                  {
                    "kind": "TypeNominal",
                    "name": "Optional",
                    "printedName": "Swift.String?",
                    "children": [
                      {
                        "kind": "TypeNominal",
                        "name": "String",
                        "printedName": "Swift.String",
                        "usr": "s:SS"
                      }
                    ],
                    "usr": "s:Sq"
                  }
                ],
                "declKind": "Accessor",
                "usr": "s:16AdgeistCreatives8CreativeV9createdAtSSSgvg",
                "mangledName": "$s16AdgeistCreatives8CreativeV9createdAtSSSgvg",
                "moduleName": "AdgeistCreatives",
                "implicit": true,
                "accessorKind": "get"
              }
            ]
          },
          {
            "kind": "Var",
            "name": "updatedAt",
            "printedName": "updatedAt",
            "children": [
              {
                "kind": "TypeNominal",
                "name": "Optional",
                "printedName": "Swift.String?",
                "children": [
                  {
                    "kind": "TypeNominal",
                    "name": "String",
                    "printedName": "Swift.String",
                    "usr": "s:SS"
                  }
                ],
                "usr": "s:Sq"
              }
            ],
            "declKind": "Var",
            "usr": "s:16AdgeistCreatives8CreativeV9updatedAtSSSgvp",
            "mangledName": "$s16AdgeistCreatives8CreativeV9updatedAtSSSgvp",
            "moduleName": "AdgeistCreatives",
            "declAttributes": [
              "HasStorage",
              "AccessControl"
            ],
            "isLet": true,
            "hasStorage": true,
            "accessors": [
              {
                "kind": "Accessor",
                "name": "Get",
                "printedName": "Get()",
                "children": [
                  {
                    "kind": "TypeNominal",
                    "name": "Optional",
                    "printedName": "Swift.String?",
                    "children": [
                      {
                        "kind": "TypeNominal",
                        "name": "String",
                        "printedName": "Swift.String",
                        "usr": "s:SS"
                      }
                    ],
                    "usr": "s:Sq"
                  }
                ],
                "declKind": "Accessor",
                "usr": "s:16AdgeistCreatives8CreativeV9updatedAtSSSgvg",
                "mangledName": "$s16AdgeistCreatives8CreativeV9updatedAtSSSgvg",
                "moduleName": "AdgeistCreatives",
                "implicit": true,
                "accessorKind": "get"
              }
            ]
          },
          {
            "kind": "Constructor",
            "name": "init",
            "printedName": "init(title:description:fileUrl:ctaUrl:type:fileName:createdAt:updatedAt:)",
            "children": [
              {
                "kind": "TypeNominal",
                "name": "Creative",
                "printedName": "AdgeistCreatives.Creative",
                "usr": "s:16AdgeistCreatives8CreativeV"
              },
              {
                "kind": "TypeNominal",
                "name": "Optional",
                "printedName": "Swift.String?",
                "children": [
                  {
                    "kind": "TypeNominal",
                    "name": "String",
                    "printedName": "Swift.String",
                    "usr": "s:SS"
                  }
                ],
                "usr": "s:Sq"
              },
              {
                "kind": "TypeNominal",
                "name": "Optional",
                "printedName": "Swift.String?",
                "children": [
                  {
                    "kind": "TypeNominal",
                    "name": "String",
                    "printedName": "Swift.String",
                    "usr": "s:SS"
                  }
                ],
                "usr": "s:Sq"
              },
              {
                "kind": "TypeNominal",
                "name": "Optional",
                "printedName": "Swift.String?",
                "children": [
                  {
                    "kind": "TypeNominal",
                    "name": "String",
                    "printedName": "Swift.String",
                    "usr": "s:SS"
                  }
                ],
                "usr": "s:Sq"
              },
              {
                "kind": "TypeNominal",
                "name": "Optional",
                "printedName": "Swift.String?",
                "children": [
                  {
                    "kind": "TypeNominal",
                    "name": "String",
                    "printedName": "Swift.String",
                    "usr": "s:SS"
                  }
                ],
                "usr": "s:Sq"
              },
              {
                "kind": "TypeNominal",
                "name": "Optional",
                "printedName": "Swift.String?",
                "children": [
                  {
                    "kind": "TypeNominal",
                    "name": "String",
                    "printedName": "Swift.String",
                    "usr": "s:SS"
                  }
                ],
                "usr": "s:Sq"
              },
              {
                "kind": "TypeNominal",
                "name": "Optional",
                "printedName": "Swift.String?",
                "children": [
                  {
                    "kind": "TypeNominal",
                    "name": "String",
                    "printedName": "Swift.String",
                    "usr": "s:SS"
                  }
                ],
                "usr": "s:Sq"
              },
              {
                "kind": "TypeNominal",
                "name": "Optional",
                "printedName": "Swift.String?",
                "children": [
                  {
                    "kind": "TypeNominal",
                    "name": "String",
                    "printedName": "Swift.String",
                    "usr": "s:SS"
                  }
                ],
                "usr": "s:Sq"
              },
              {
                "kind": "TypeNominal",
                "name": "Optional",
                "printedName": "Swift.String?",
                "children": [
                  {
                    "kind": "TypeNominal",
                    "name": "String",
                    "printedName": "Swift.String",
                    "usr": "s:SS"
                  }
                ],
                "usr": "s:Sq"
              }
            ],
            "declKind": "Constructor",
            "usr": "s:16AdgeistCreatives8CreativeV5title11description7fileUrl03ctaG04type0F4Name9createdAt07updatedL0ACSSSg_A7Ltcfc",
            "mangledName": "$s16AdgeistCreatives8CreativeV5title11description7fileUrl03ctaG04type0F4Name9createdAt07updatedL0ACSSSg_A7Ltcfc",
            "moduleName": "AdgeistCreatives",
            "declAttributes": [
              "AccessControl"
            ],
            "init_kind": "Designated"
          },
          {
            "kind": "Constructor",
            "name": "init",
            "printedName": "init(from:)",
            "children": [
              {
                "kind": "TypeNominal",
                "name": "Creative",
                "printedName": "AdgeistCreatives.Creative",
                "usr": "s:16AdgeistCreatives8CreativeV"
              },
              {
                "kind": "TypeNominal",
                "name": "Decoder",
                "printedName": "any Swift.Decoder",
                "usr": "s:s7DecoderP"
              }
            ],
            "declKind": "Constructor",
            "usr": "s:16AdgeistCreatives8CreativeV4fromACs7Decoder_p_tKcfc",
            "mangledName": "$s16AdgeistCreatives8CreativeV4fromACs7Decoder_p_tKcfc",
            "moduleName": "AdgeistCreatives",
            "implicit": true,
            "throwing": true,
            "init_kind": "Designated"
          },
          {
            "kind": "Function",
            "name": "encode",
            "printedName": "encode(to:)",
            "children": [
              {
                "kind": "TypeNominal",
                "name": "Void",
                "printedName": "()"
              },
              {
                "kind": "TypeNominal",
                "name": "Encoder",
                "printedName": "any Swift.Encoder",
                "usr": "s:s7EncoderP"
              }
            ],
            "declKind": "Func",
            "usr": "s:16AdgeistCreatives8CreativeV6encode2toys7Encoder_p_tKF",
            "mangledName": "$s16AdgeistCreatives8CreativeV6encode2toys7Encoder_p_tKF",
            "moduleName": "AdgeistCreatives",
            "implicit": true,
            "throwing": true,
            "funcSelfKind": "NonMutating"
          }
        ],
        "declKind": "Struct",
        "usr": "s:16AdgeistCreatives8CreativeV",
        "mangledName": "$s16AdgeistCreatives8CreativeV",
        "moduleName": "AdgeistCreatives",
        "declAttributes": [
          "AccessControl"
        ],
        "conformances": [
          {
            "kind": "Conformance",
            "name": "Decodable",
            "printedName": "Decodable",
            "usr": "s:Se",
            "mangledName": "$sSe"
          },
          {
            "kind": "Conformance",
            "name": "Encodable",
            "printedName": "Encodable",
            "usr": "s:SE",
            "mangledName": "$sSE"
          }
        ]
      },
      {
        "kind": "TypeDecl",
        "name": "BudgetSettings",
        "printedName": "BudgetSettings",
        "children": [
          {
            "kind": "Var",
            "name": "totalBudget",
            "printedName": "totalBudget",
            "children": [
              {
                "kind": "TypeNominal",
                "name": "Double",
                "printedName": "Swift.Double",
                "usr": "s:Sd"
              }
            ],
            "declKind": "Var",
            "usr": "s:16AdgeistCreatives14BudgetSettingsV05totalC0Sdvp",
            "mangledName": "$s16AdgeistCreatives14BudgetSettingsV05totalC0Sdvp",
            "moduleName": "AdgeistCreatives",
            "declAttributes": [
              "HasStorage",
              "AccessControl"
            ],
            "isLet": true,
            "hasStorage": true,
            "accessors": [
              {
                "kind": "Accessor",
                "name": "Get",
                "printedName": "Get()",
                "children": [
                  {
                    "kind": "TypeNominal",
                    "name": "Double",
                    "printedName": "Swift.Double",
                    "usr": "s:Sd"
                  }
                ],
                "declKind": "Accessor",
                "usr": "s:16AdgeistCreatives14BudgetSettingsV05totalC0Sdvg",
                "mangledName": "$s16AdgeistCreatives14BudgetSettingsV05totalC0Sdvg",
                "moduleName": "AdgeistCreatives",
                "implicit": true,
                "accessorKind": "get"
              }
            ]
          },
          {
            "kind": "Var",
            "name": "spentBudget",
            "printedName": "spentBudget",
            "children": [
              {
                "kind": "TypeNominal",
                "name": "Double",
                "printedName": "Swift.Double",
                "usr": "s:Sd"
              }
            ],
            "declKind": "Var",
            "usr": "s:16AdgeistCreatives14BudgetSettingsV05spentC0Sdvp",
            "mangledName": "$s16AdgeistCreatives14BudgetSettingsV05spentC0Sdvp",
            "moduleName": "AdgeistCreatives",
            "declAttributes": [
              "HasStorage",
              "AccessControl"
            ],
            "isLet": true,
            "hasStorage": true,
            "accessors": [
              {
                "kind": "Accessor",
                "name": "Get",
                "printedName": "Get()",
                "children": [
                  {
                    "kind": "TypeNominal",
                    "name": "Double",
                    "printedName": "Swift.Double",
                    "usr": "s:Sd"
                  }
                ],
                "declKind": "Accessor",
                "usr": "s:16AdgeistCreatives14BudgetSettingsV05spentC0Sdvg",
                "mangledName": "$s16AdgeistCreatives14BudgetSettingsV05spentC0Sdvg",
                "moduleName": "AdgeistCreatives",
                "implicit": true,
                "accessorKind": "get"
              }
            ]
          },
          {
            "kind": "Constructor",
            "name": "init",
            "printedName": "init(totalBudget:spentBudget:)",
            "children": [
              {
                "kind": "TypeNominal",
                "name": "BudgetSettings",
                "printedName": "AdgeistCreatives.BudgetSettings",
                "usr": "s:16AdgeistCreatives14BudgetSettingsV"
              },
              {
                "kind": "TypeNominal",
                "name": "Double",
                "printedName": "Swift.Double",
                "usr": "s:Sd"
              },
              {
                "kind": "TypeNominal",
                "name": "Double",
                "printedName": "Swift.Double",
                "usr": "s:Sd"
              }
            ],
            "declKind": "Constructor",
            "usr": "s:16AdgeistCreatives14BudgetSettingsV05totalC005spentC0ACSd_Sdtcfc",
            "mangledName": "$s16AdgeistCreatives14BudgetSettingsV05totalC005spentC0ACSd_Sdtcfc",
            "moduleName": "AdgeistCreatives",
            "declAttributes": [
              "AccessControl"
            ],
            "init_kind": "Designated"
          },
          {
            "kind": "Constructor",
            "name": "init",
            "printedName": "init(from:)",
            "children": [
              {
                "kind": "TypeNominal",
                "name": "BudgetSettings",
                "printedName": "AdgeistCreatives.BudgetSettings",
                "usr": "s:16AdgeistCreatives14BudgetSettingsV"
              },
              {
                "kind": "TypeNominal",
                "name": "Decoder",
                "printedName": "any Swift.Decoder",
                "usr": "s:s7DecoderP"
              }
            ],
            "declKind": "Constructor",
            "usr": "s:16AdgeistCreatives14BudgetSettingsV4fromACs7Decoder_p_tKcfc",
            "mangledName": "$s16AdgeistCreatives14BudgetSettingsV4fromACs7Decoder_p_tKcfc",
            "moduleName": "AdgeistCreatives",
            "implicit": true,
            "throwing": true,
            "init_kind": "Designated"
          },
          {
            "kind": "Function",
            "name": "encode",
            "printedName": "encode(to:)",
            "children": [
              {
                "kind": "TypeNominal",
                "name": "Void",
                "printedName": "()"
              },
              {
                "kind": "TypeNominal",
                "name": "Encoder",
                "printedName": "any Swift.Encoder",
                "usr": "s:s7EncoderP"
              }
            ],
            "declKind": "Func",
            "usr": "s:16AdgeistCreatives14BudgetSettingsV6encode2toys7Encoder_p_tKF",
            "mangledName": "$s16AdgeistCreatives14BudgetSettingsV6encode2toys7Encoder_p_tKF",
            "moduleName": "AdgeistCreatives",
            "implicit": true,
            "throwing": true,
            "funcSelfKind": "NonMutating"
          }
        ],
        "declKind": "Struct",
        "usr": "s:16AdgeistCreatives14BudgetSettingsV",
        "mangledName": "$s16AdgeistCreatives14BudgetSettingsV",
        "moduleName": "AdgeistCreatives",
        "declAttributes": [
          "AccessControl"
        ],
        "conformances": [
          {
            "kind": "Conformance",
            "name": "Decodable",
            "printedName": "Decodable",
            "usr": "s:Se",
            "mangledName": "$sSe"
          },
          {
            "kind": "Conformance",
            "name": "Encodable",
            "printedName": "Encodable",
            "usr": "s:SE",
            "mangledName": "$sSE"
          }
        ]
      },
      {
        "kind": "Import",
        "name": "Foundation",
        "printedName": "Foundation",
        "declKind": "Import",
        "moduleName": "AdgeistCreatives",
        "declAttributes": [
          "RawDocComment"
        ]
      },
      {
        "kind": "TypeDecl",
        "name": "CreativeAnalytics",
        "printedName": "CreativeAnalytics",
        "children": [
          {
            "kind": "Function",
            "name": "sendTrackingData",
            "printedName": "sendTrackingData(campaignId:adSpaceId:publisherId:eventType:completion:)",
            "children": [
              {
                "kind": "TypeNominal",
                "name": "Void",
                "printedName": "()"
              },
              {
                "kind": "TypeNominal",
                "name": "String",
                "printedName": "Swift.String",
                "usr": "s:SS"
              },
              {
                "kind": "TypeNominal",
                "name": "String",
                "printedName": "Swift.String",
                "usr": "s:SS"
              },
              {
                "kind": "TypeNominal",
                "name": "String",
                "printedName": "Swift.String",
                "usr": "s:SS"
              },
              {
                "kind": "TypeNominal",
                "name": "String",
                "printedName": "Swift.String",
                "usr": "s:SS"
              },
              {
                "kind": "TypeFunc",
                "name": "Function",
                "printedName": "(Swift.String?) -> ()",
                "children": [
                  {
                    "kind": "TypeNominal",
                    "name": "Void",
                    "printedName": "()"
                  },
                  {
                    "kind": "TypeNominal",
                    "name": "Optional",
                    "printedName": "Swift.String?",
                    "children": [
                      {
                        "kind": "TypeNominal",
                        "name": "String",
                        "printedName": "Swift.String",
                        "usr": "s:SS"
                      }
                    ],
                    "usr": "s:Sq"
                  }
                ]
              }
            ],
            "declKind": "Func",
            "usr": "s:16AdgeistCreatives17CreativeAnalyticsC16sendTrackingData10campaignId07adSpaceI009publisherI09eventType10completionySS_S3SySSSgctF",
            "mangledName": "$s16AdgeistCreatives17CreativeAnalyticsC16sendTrackingData10campaignId07adSpaceI009publisherI09eventType10completionySS_S3SySSSgctF",
            "moduleName": "AdgeistCreatives",
            "declAttributes": [
              "AccessControl"
            ],
            "funcSelfKind": "NonMutating"
          }
        ],
        "declKind": "Class",
        "usr": "s:16AdgeistCreatives17CreativeAnalyticsC",
        "mangledName": "$s16AdgeistCreatives17CreativeAnalyticsC",
        "moduleName": "AdgeistCreatives",
        "declAttributes": [
          "AccessControl"
        ],
        "hasMissingDesignatedInitializers": true
      },
      {
        "kind": "Import",
        "name": "Foundation",
        "printedName": "Foundation",
        "declKind": "Import",
        "moduleName": "AdgeistCreatives",
        "declAttributes": [
          "RawDocComment"
        ]
      },
      {
        "kind": "Import",
        "name": "AppTrackingTransparency",
        "printedName": "AppTrackingTransparency",
        "declKind": "Import",
        "moduleName": "AdgeistCreatives"
      },
      {
        "kind": "Import",
        "name": "AdSupport",
        "printedName": "AdSupport",
        "declKind": "Import",
        "moduleName": "AdgeistCreatives"
      },
      {
        "kind": "Import",
        "name": "Security",
        "printedName": "Security",
        "declKind": "Import",
        "moduleName": "AdgeistCreatives"
      },
      {
        "kind": "TypeDecl",
        "name": "DeviceIdentifier",
        "printedName": "DeviceIdentifier",
        "children": [
          {
            "kind": "Function",
            "name": "getDeviceIdentifier",
            "printedName": "getDeviceIdentifier(completion:)",
            "children": [
              {
                "kind": "TypeNominal",
                "name": "Void",
                "printedName": "()"
              },
              {
                "kind": "TypeFunc",
                "name": "Function",
                "printedName": "(Swift.String) -> ()",
                "children": [
                  {
                    "kind": "TypeNominal",
                    "name": "Void",
                    "printedName": "()"
                  },
                  {
                    "kind": "TypeNominal",
                    "name": "String",
                    "printedName": "Swift.String",
                    "usr": "s:SS"
                  }
                ]
              }
            ],
            "declKind": "Func",
            "usr": "s:16AdgeistCreatives16DeviceIdentifierC03getcD010completionyySSc_tF",
            "mangledName": "$s16AdgeistCreatives16DeviceIdentifierC03getcD010completionyySSc_tF",
            "moduleName": "AdgeistCreatives",
            "declAttributes": [
              "Final",
              "AccessControl",
              "RawDocComment"
            ],
            "funcSelfKind": "NonMutating"
          },
          {
            "kind": "Function",
            "name": "clearGeneratedID",
            "printedName": "clearGeneratedID()",
            "children": [
              {
                "kind": "TypeNominal",
                "name": "Void",
                "printedName": "()"
              }
            ],
            "declKind": "Func",
            "usr": "s:16AdgeistCreatives16DeviceIdentifierC16clearGeneratedIDyyF",
            "mangledName": "$s16AdgeistCreatives16DeviceIdentifierC16clearGeneratedIDyyF",
            "moduleName": "AdgeistCreatives",
            "declAttributes": [
              "Final",
              "AccessControl"
            ],
            "funcSelfKind": "NonMutating"
          }
        ],
        "declKind": "Class",
        "usr": "s:16AdgeistCreatives16DeviceIdentifierC",
        "mangledName": "$s16AdgeistCreatives16DeviceIdentifierC",
        "moduleName": "AdgeistCreatives",
        "intro_iOS": "11.0",
        "declAttributes": [
          "Final",
          "AccessControl",
          "Available"
        ],
        "hasMissingDesignatedInitializers": true
      },
      {
        "kind": "Import",
        "name": "Foundation",
        "printedName": "Foundation",
        "declKind": "Import",
        "moduleName": "AdgeistCreatives",
        "declAttributes": [
          "RawDocComment"
        ]
      },
      {
        "kind": "TypeDecl",
        "name": "FetchCreative",
        "printedName": "FetchCreative",
        "children": [
          {
            "kind": "Function",
            "name": "fetchCreative",
            "printedName": "fetchCreative(adSpaceId:publisherId:completion:)",
            "children": [
              {
                "kind": "TypeNominal",
                "name": "Void",
                "printedName": "()"
              },
              {
                "kind": "TypeNominal",
                "name": "String",
                "printedName": "Swift.String",
                "usr": "s:SS"
              },
              {
                "kind": "TypeNominal",
                "name": "String",
                "printedName": "Swift.String",
                "usr": "s:SS"
              },
              {
                "kind": "TypeFunc",
                "name": "Function",
                "printedName": "(AdgeistCreatives.CreativeDataModel?) -> ()",
                "children": [
                  {
                    "kind": "TypeNominal",
                    "name": "Void",
                    "printedName": "()"
                  },
                  {
                    "kind": "TypeNominal",
                    "name": "Optional",
                    "printedName": "AdgeistCreatives.CreativeDataModel?",
                    "children": [
                      {
                        "kind": "TypeNominal",
                        "name": "CreativeDataModel",
                        "printedName": "AdgeistCreatives.CreativeDataModel",
                        "usr": "s:16AdgeistCreatives17CreativeDataModelV"
                      }
                    ],
                    "usr": "s:Sq"
                  }
                ]
              }
            ],
            "declKind": "Func",
            "usr": "s:16AdgeistCreatives13FetchCreativeC05fetchD09adSpaceId09publisherH010completionySS_SSyAA0D9DataModelVSgctF",
            "mangledName": "$s16AdgeistCreatives13FetchCreativeC05fetchD09adSpaceId09publisherH010completionySS_SSyAA0D9DataModelVSgctF",
            "moduleName": "AdgeistCreatives",
            "declAttributes": [
              "AccessControl"
            ],
            "funcSelfKind": "NonMutating"
          }
        ],
        "declKind": "Class",
        "usr": "s:16AdgeistCreatives13FetchCreativeC",
        "mangledName": "$s16AdgeistCreatives13FetchCreativeC",
        "moduleName": "AdgeistCreatives",
        "declAttributes": [
          "AccessControl"
        ],
        "hasMissingDesignatedInitializers": true
      },
      {
        "kind": "Import",
        "name": "Foundation",
        "printedName": "Foundation",
        "declKind": "Import",
        "moduleName": "AdgeistCreatives",
        "declAttributes": [
          "RawDocComment"
        ]
      },
      {
        "kind": "TypeDecl",
        "name": "AdGeistCore",
        "printedName": "AdGeistCore",
        "children": [
          {
            "kind": "Var",
            "name": "shared",
            "printedName": "shared",
            "children": [
              {
                "kind": "TypeNominal",
                "name": "AdGeistCore",
                "printedName": "AdgeistCreatives.AdGeistCore",
                "usr": "s:16AdgeistCreatives11AdGeistCoreC"
              }
            ],
            "declKind": "Var",
            "usr": "s:16AdgeistCreatives11AdGeistCoreC6sharedACvpZ",
            "mangledName": "$s16AdgeistCreatives11AdGeistCoreC6sharedACvpZ",
            "moduleName": "AdgeistCreatives",
            "static": true,
            "declAttributes": [
              "HasInitialValue",
              "Final",
              "HasStorage",
              "AccessControl"
            ],
            "isLet": true,
            "hasStorage": true,
            "accessors": [
              {
                "kind": "Accessor",
                "name": "Get",
                "printedName": "Get()",
                "children": [
                  {
                    "kind": "TypeNominal",
                    "name": "AdGeistCore",
                    "printedName": "AdgeistCreatives.AdGeistCore",
                    "usr": "s:16AdgeistCreatives11AdGeistCoreC"
                  }
                ],
                "declKind": "Accessor",
                "usr": "s:16AdgeistCreatives11AdGeistCoreC6sharedACvgZ",
                "mangledName": "$s16AdgeistCreatives11AdGeistCoreC6sharedACvgZ",
                "moduleName": "AdgeistCreatives",
                "static": true,
                "implicit": true,
                "declAttributes": [
                  "Final"
                ],
                "accessorKind": "get"
              }
            ]
          },
          {
            "kind": "Function",
            "name": "getCreative",
            "printedName": "getCreative()",
            "children": [
              {
                "kind": "TypeNominal",
                "name": "FetchCreative",
                "printedName": "AdgeistCreatives.FetchCreative",
                "usr": "s:16AdgeistCreatives13FetchCreativeC"
              }
            ],
            "declKind": "Func",
            "usr": "s:16AdgeistCreatives11AdGeistCoreC11getCreativeAA05FetchG0CyF",
            "mangledName": "$s16AdgeistCreatives11AdGeistCoreC11getCreativeAA05FetchG0CyF",
            "moduleName": "AdgeistCreatives",
            "declAttributes": [
              "Final",
              "AccessControl"
            ],
            "funcSelfKind": "NonMutating"
          },
          {
            "kind": "Function",
            "name": "postCreativeAnalytics",
            "printedName": "postCreativeAnalytics()",
            "children": [
              {
                "kind": "TypeNominal",
                "name": "CreativeAnalytics",
                "printedName": "AdgeistCreatives.CreativeAnalytics",
                "usr": "s:16AdgeistCreatives17CreativeAnalyticsC"
              }
            ],
            "declKind": "Func",
            "usr": "s:16AdgeistCreatives11AdGeistCoreC21postCreativeAnalyticsAA0gH0CyF",
            "mangledName": "$s16AdgeistCreatives11AdGeistCoreC21postCreativeAnalyticsAA0gH0CyF",
            "moduleName": "AdgeistCreatives",
            "declAttributes": [
              "Final",
              "AccessControl"
            ],
            "funcSelfKind": "NonMutating"
          }
        ],
        "declKind": "Class",
        "usr": "s:16AdgeistCreatives11AdGeistCoreC",
        "mangledName": "$s16AdgeistCreatives11AdGeistCoreC",
        "moduleName": "AdgeistCreatives",
        "declAttributes": [
          "Final",
          "AccessControl"
        ],
        "hasMissingDesignatedInitializers": true
      }
    ],
    "json_format_version": 8
  },
  "ConstValues": [
    {
      "filePath": "\/Users\/kishore\/Documents\/work\/sdk\/adgeist-ios-framework\/AdgeistCreatives\/AdgeistCreatives\/CreativeDataModel.swift",
      "kind": "StringLiteral",
      "offset": 652,
      "length": 5,
      "value": "\"_id\""
    },
    {
      "filePath": "\/Users\/kishore\/Documents\/work\/sdk\/adgeist-ios-framework\/AdgeistCreatives\/AdgeistCreatives\/CreativeDataModel.swift",
      "kind": "StringLiteral",
      "offset": 652,
      "length": 5,
      "value": "\"_id\""
    },
    {
      "filePath": "\/Users\/kishore\/Documents\/work\/sdk\/adgeist-ios-framework\/AdgeistCreatives\/AdgeistCreatives\/DeviceIdentifier.swift",
      "kind": "StringLiteral",
      "offset": 337,
      "length": 28,
      "value": "\"com.adgeist.app.install.id\""
    }
  ]
}